Listing Name,Price,Room Type,Reviews,Location
livingroom,54,Shared room,1 review,
Sofa in Williamsburg,70,Shared room,3 reviews,
One bedroom in spacious apartment,61,Private room,4 reviews,
Lovely Space half a block from Park,75,Private room,1 review,
Spacious place with a backyard,188,Entire home/apt,1 review,
The Brooklyn Riviera,40,Shared room,0 reviews,
Cozy Rm In BedSty Blks From A Train,97,Private room,3 reviews,
Private Room in S. Williamsburg Apt,90,Private room,0 reviews,
Great room 20 mins from downtown,54,Private room,4 reviews,
A Greenpoint Gem on Franklin Street,269,Entire home/apt,0 reviews,
Luxury Room - Private Backyard,124,Private room,0 reviews,
Fantastic Room with Bed and Futon,94,Private room,0 reviews,
Prime Park Slope Brooklyn Duplex!,222,Entire home/apt,0 reviews,
Introducing! Charming 1br Flat,114,Entire home/apt,0 reviews,
Private Spacious in Kensington,61,Private room,0 reviews,
East Williamsburgs finest.,168,Entire home/apt,0 reviews,
Room with your private garden,88,Private room,1 review,
Mischief Manor,242,Entire home/apt,0 reviews,
Cozy Rm In BedSty Blks From A Train,97,Private room,3 reviews,
Artist's home near park and trains,67,Private room,9 reviews,
Beautiful 2 Bedroom Townhouse,182,Entire home/apt,25 reviews,
Beautiful Big 1B Brooklyn Apartment,182,Entire home/apt,28 reviews,
Beautiful Brooklyn Bedroom,101,Private room,2 reviews,
Spacious place with a backyard,188,Entire home/apt,1 review,
Private Brooklyn Garden Apartment,182,Entire home/apt,38 reviews,
BKLYN BROWNSTONE: The Stuyvesant,202,Entire home/apt,29 reviews,
Comfortable Room in NYC!,66,Private room,60 reviews,
Modern Private Room in Bushwick,81,Private room,1 review,
A Greenpoint Gem on Franklin Street,269,Entire home/apt,0 reviews,
Jardin gem on Herkimer,114,Private room,1 review,
Bright and Spacious Brooklyn Studio,128,Entire home/apt,1 review,
"HUGE, PRIVATE BATH, STEPS FRM TRAIN",135,Private room,20 reviews,
"Bright, Clean, 1/2 Block from Train",61,Private room,0 reviews,
beautiful brownstone,175,Entire home/apt,59 reviews,
The Brooklyn Riviera,40,Shared room,0 reviews,
Sofa in Williamsburg,70,Shared room,3 reviews,
Tiny little private nook!,53,Private room,34 reviews,
Room in Beautiful New Apartment!,54,Private room,0 reviews,
NEW Modern 2 Bed/2 Bath+Backyard,214,Entire home/apt,0 reviews,
Lovely Bedroom In Designer's Home,147,Private room,22 reviews,
Spacious room in Brooklyn!,101,Private room,38 reviews,
Beautiful 2BR + Yard (kid-friendly),184,Entire home/apt,37 reviews,
Bed Stuy Gem,88,Private room,0 reviews,
"Stay with us, and feel like home.",102,Private room,40 reviews,
LARGE PRIVATE ONE BEDROOM APARTMENT,168,Entire home/apt,21 reviews,
Nice bedroom w/ private half bath,94,Private room,0 reviews,
Sunny Delight with Free Bikes!,101,Private room,33 reviews,
"Bright, Airy Bedroom in Brooklyn",81,Private room,0 reviews,
Brownstone parlor floor apartment,148,Entire home/apt,31 reviews,
Perfect cozy n charming room 4 you,100,Private room,0 reviews,
Beautiful Room w/ Private Backyard,81,Private room,0 reviews,
Cozy Garden Room w/Garden Access,94,Private room,1 review,
Lovely living room space.,61,Shared room,0 reviews,
Top Floor Brownstone - Park Slope,114,Private room,0 reviews,
светлая комната с балконом,67,Private room,1 review,
Tranquil Crown Heights Getaway,61,Private room,2 reviews,
Huge bedroom with private bathroom.,81,Private room,0 reviews,
Cozy Room with Full Bed and Futon,94,Private room,0 reviews,
SUNNY QUAINT 1 BEDROOM APARTMENT,108,Entire home/apt,0 reviews,
Bushwick Oasis,79,Private room,7 reviews,
Newly Renovated Private Rm by Park!,88,Private room,12 reviews,
Bright and Spacious Brooklyn Studio,128,Entire home/apt,1 review,
Private Spacious Room with bathroom,135,Private room,0 reviews,
Large Homey Apartment with Kittens,128,Private room,0 reviews,
Loft with Manhattan skyline view!,81,Private room,11 reviews,
Artist's home near park and trains,67,Private room,9 reviews,
"Spacious, sunny room, Williamsburg",94,Private room,0 reviews,
Awesome Room 2 Beds 20 min to City,101,Private room,4 reviews,
Bushwick Private Room,81,Private room,0 reviews,
New Private Studio!,94,Entire home/apt,37 reviews,
Bed Stuy Gem,88,Private room,0 reviews,
Bedroom with Garden at the Back,94,Private room,146 reviews,
"2BR gem in Cobble Hill, Brooklyn",162,Entire home/apt,4 reviews,
Cozy Bedroom in Crown Heights,67,Private room,0 reviews,
Men's room in the Guesthouse,47,Shared room,0 reviews,
BROOKLYN  STUDIO APARTMENT,135,Private room,143 reviews,
"Light, Peaceful, Private Apartment",128,Entire home/apt,13 reviews,
B&B Guesthouse Girls room,47,Shared room,0 reviews,
Comfy Futon In Vibrant Space,47,Shared room,3 reviews,
Kid Friendly 2bed/2bath CobbleHill,323,Entire home/apt,0 reviews,
Sunny Private Room with Living Room,88,Private room,0 reviews,
Island Haven in the Big City,148,Private room,12 reviews,
Crown Heigts #1,67,Private room,16 reviews,
Private Room in S. Williamsburg Apt,90,Private room,0 reviews,
Brownstone 1st floor Apartment.,135,Entire home/apt,23 reviews,
"Furnished room in Williamsburg, BK",81,Private room,0 reviews,
Loft-Style Home + Outdoor Spaces,222,Entire home/apt,1 review,
The Library Loft- The Art Room,94,Private room,52 reviews,
2nd bedroom in spacious apartment,61,Private room,3 reviews,
The Heart of Fort Greene 2bed/Apt,303,Entire home/apt,0 reviews,
1 bedroom in Bed-Stuy,94,Entire home/apt,1 review,
Newly Renovated Private Rm by Park!,88,Private room,12 reviews,
Cozy Rm In BedSty Blks From A Train,105,Private room,2 reviews,
Quality Queen Airbed 30m-Manhattan,39,Shared room,1 review,
Roomy // Clean Apt in Bushwick,209,Entire home/apt,0 reviews,
"Landmark Cottage, Brownstone block",283,Entire home/apt,40 reviews,
Close to Airport and Manhattan!,88,Private room,52 reviews,
Recharge in beautiful Prospect Hts!,67,Shared room,1 review,
Classic Spacious Red Velvet Room,67,Private room,46 reviews,
Williamsburg Luxury Apartment,242,Entire home/apt,0 reviews,
Bright Room in the Best Location,108,Private room,10 reviews,
"Cozy, Sun-Filled Room in Park Slope",120,Private room,0 reviews,
Queen Sleeper Sofa w/ Outdoor Deck,100,Shared room,40 reviews,
Sweet and Simple Studio,148,Entire home/apt,0 reviews,
Comfortable one bedroom apartment,88,Entire home/apt,0 reviews,
Budget Friendly & Spacious,51,Private room,26 reviews,
Spacious 2 BR apartment in Bed-Stuy,214,Entire home/apt,41 reviews,
Spacious Studio,133,Entire home/apt,0 reviews,
Convenient Cozy Room,94,Private room,6 reviews,
Beautiful + Modern BK Apartment,269,Entire home/apt,0 reviews,
Spacious Room in a Brooklyn House,108,Private room,51 reviews,
NEW 2BR Flat Only 15 Min To NYCity,229,Entire home/apt,0 reviews,
Spacious Suite in Hip Bushwick!,121,Entire home/apt,14 reviews,
Room in 2bdr with Private balcony!,121,Private room,5 reviews,
Modern and spacious in Bed Stuy,135,Entire home/apt,2 reviews,
Sunny & Hip in Brooklyn,67,Private room,1 review,
Sunny Private Bedroom 30m-Manhattan,66,Private room,0 reviews,
Spacious Studio Room in Bed Stuy,81,Private room,8 reviews,
BUDGET ROOM- 15 MINUTES >MANHATTAN!,79,Private room,55 reviews,
Affordable room 20 min to Downtown!,51,Private room,5 reviews,
nice bedroom2 10 min from Manhattan,108,Private room,4 reviews,
Safe residential neighborhood,75,Private room,4 reviews,
Cozy room in center of Park Slope,94,Private room,5 reviews,
True Brooklyn Loft Experience,202,Entire home/apt,1 review,
Beautiful Sunny Bedroom in BedStuy,81,Private room,0 reviews,
1 bedroom in 4 bedroom apt,54,Private room,2 reviews,
Awesome Private room with 2 Beds,135,Private room,17 reviews,
Charming Park Slope 1BR w/ Patio,188,Entire home/apt,6 reviews,
Warehouse apartment with rooftop!,182,Entire home/apt,5 reviews,
2nd bedroom in spacious apartment,61,Private room,3 reviews,
Peaceful Room in Dumbo Art Loft,172,Private room,4 reviews,
Bungalow in Bushwick - Cozy & Clean,269,Entire home/apt,0 reviews,
2BR+lovely garden in Pros. Heights,249,Entire home/apt,2 reviews,
Charming Old-School Apartment 2,88,Private room,4 reviews,
Futon in partitioned living room,43,Shared room,9 reviews,
Clean Private Room in Modern Apt,108,Private room,1 review,
Large sunny room  !,74,Private room,5 reviews,
$50 Special for First Guests,67,Private room,0 reviews,
Super Sunny 2BR TopFL Brwnstn Apt,195,Entire home/apt,0 reviews,
Recharge in beautiful Prospect Hts!,67,Shared room,1 review,
Nice bedroom w/ private half bath,94,Private room,0 reviews,
Entire Furnished 1BR Brownstone,101,Entire home/apt,0 reviews,
1br in 2br Clinton Hill / Ft Green,54,Private room,0 reviews,
5 Star Apartment and Experience,228,Entire home/apt,166 reviews,
Awesome Private room with 2 Beds,135,Private room,17 reviews,
Charming Park Slope 1BR w/ Patio,188,Entire home/apt,6 reviews,
Warehouse apartment with rooftop!,182,Entire home/apt,5 reviews,
2nd bedroom in spacious apartment,61,Private room,3 reviews,
Peaceful Room in Dumbo Art Loft,172,Private room,4 reviews,
Bungalow in Bushwick - Cozy & Clean,269,Entire home/apt,0 reviews,
2BR+lovely garden in Pros. Heights,249,Entire home/apt,2 reviews,
Charming Old-School Apartment 2,88,Private room,4 reviews,
Futon in partitioned living room,43,Shared room,9 reviews,
Clean Private Room in Modern Apt,108,Private room,1 review,
Large sunny room  !,74,Private room,5 reviews,
$50 Special for First Guests,67,Private room,0 reviews,
Super Sunny 2BR TopFL Brwnstn Apt,195,Entire home/apt,0 reviews,
Recharge in beautiful Prospect Hts!,67,Shared room,1 review,
Nice bedroom w/ private half bath,94,Private room,0 reviews,
Entire Furnished 1BR Brownstone,101,Entire home/apt,0 reviews,
1br in 2br Clinton Hill / Ft Green,54,Private room,0 reviews,
5 Star Apartment and Experience,228,Entire home/apt,166 reviews,
Brooklyn eco house share,108,Private room,0 reviews,
Modern & Beautiful Brooklyn Living,252,Entire home/apt,3 reviews,
Spacious Park Slope brownstone,202,Entire home/apt,22 reviews,
Sunny room for 2 near Park Slope,114,Private room,0 reviews,
Cozy room with Pvt Entrance Sleep 1,61,Private room,23 reviews,
Entire 3BR Lux Apt 20min>Manhattan,133,Entire home/apt,32 reviews,
Cozy room in our new apartment.,79,Private room,14 reviews,
Private Room & Bath in Brooklyn!,135,Private room,54 reviews,
Charming Room in Luxe New Home,90,Private room,5 reviews,
STUDIO APT SIZE ROOM /OWN BATHROOM,121,Private room,47 reviews,
"Charming Garden Studio, Park Slope",202,Entire home/apt,0 reviews,
Relaxed Elegance in a Brownstone,110,Private room,21 reviews,
Sunny Room in Clinton Hill Loft,108,Private room,0 reviews,
Your perfect yard with Jacuzzi home,67,Private room,0 reviews,
BED & BATHROOM in BROOKLYN,135,Private room,36 reviews,
JazzyBedstuy NYC! Quiet clean cool!,101,Private room,7 reviews,
Luxury 2bed 2bath on Prospect Park,263,Entire home/apt,0 reviews,
East Williamsburgs finest.,168,Entire home/apt,0 reviews,
Brand New Brooklyn studio,202,Entire home/apt,12 reviews,
"Sunny room, A/C, bike,Prospect Park",67,Private room,52 reviews,
Huge bedroom with private bathroom.,81,Private room,0 reviews,
Luxurious Brooklyn Studio!,135,Entire home/apt,5 reviews,
"Spacious, Art-Filled Garden Apt",215,Entire home/apt,0 reviews,
"1 Bdrm in Duplex, Private Bathroom",128,Private room,20 reviews,
Gorgeous Bedroom in Brooklyn NYC!!,108,Private room,5 reviews,
Southern Brooklyn Sunsets,67,Private room,1 review,
Entire Furnished 1BR Brownstone,101,Entire home/apt,0 reviews,
A couch in Brooklyn,61,Shared room,17 reviews,
Warehouse apartment with rooftop!,182,Entire home/apt,5 reviews,
NEW 2BR Flat Only 15 Min To NYCity,229,Entire home/apt,0 reviews,
"Colorful, quiet, & near the subway!",121,Private room,76 reviews,
"Peace room, private bath, breakfast",108,Private room,43 reviews,
Shared Apartment to share,135,Private room,0 reviews,
Cozy bedroom in Brooklyn!,114,Private room,21 reviews,
Bright & cozy room in Brooklyn!,54,Private room,0 reviews,
"BEST DEAL IN BROOKLYN, FULL SIZE BD",61,Private room,86 reviews,
Spacious 3 bedroom on Prospect Park,197,Entire home/apt,0 reviews,
Sunny Apartment with King Sized Bed,133,Entire home/apt,0 reviews,
Lrg 1 bdrm 1st Stop L Williamsburg,202,Entire home/apt,0 reviews,
Cozy 3 bedroom Brownstone,54,Shared room,4 reviews,
Gorgeous Bedroom in Brooklyn NYC!!,108,Private room,5 reviews,
"Your Brooklyn home, near Manhattan!",89,Private room,12 reviews,
Beautiful Large Room,108,Private room,0 reviews,
The Library Loft's White Room,121,Private room,51 reviews,
Private room in convenient location,404,Private room,6 reviews,
Large 1bd1ba + Backyard near Subway,133,Entire home/apt,0 reviews,
Spacious Private Room in Brooklyn,67,Private room,0 reviews,
Wburg 1 bedroom - Spacious & Sunny,195,Entire home/apt,1 review,
Beautiful 1 bedroom apartment,81,Entire home/apt,8 reviews,
Private cozy room for rent,121,Private room,0 reviews,
The JFK Stopover & Bookworm's Nook,40,Private room,32 reviews,
9Awesome Private Room Lux Loft,135,Private room,27 reviews,
1,135,Private room,0 reviews,
Incredible Budget Room w/ Comfy Bed,88,Private room,0 reviews,
Modern apartment in Clinton Hill,121,Private room,6 reviews,
Relaxed space ~30 min. to the city,47,Shared room,6 reviews,
The Overlook Patio.,74,Private room,4 reviews,
Top Floor Brownstone - Park Slope,114,Private room,0 reviews,
Stunning Greenpoint Penthouse,403,Entire home/apt,2 reviews,
Cosy appartment with huge rooftop,93,Private room,0 reviews,
Couch in cozy Brooklyn apartment.,61,Shared room,0 reviews,
Large 2 Bedrooms Apt. in Greenpoint,202,Entire home/apt,0 reviews,
"Peace room, private bath, breakfast",108,Private room,43 reviews,
Private Bedroom + Your Own Bathroom,101,Private room,3 reviews,
HUGE Bedroom in Brownstone,61,Private room,2 reviews,
Perfect One Bedroom in Brooklyn,81,Private room,2 reviews,
Bright Brooklyn Room in Shared Apt!,93,Private room,53 reviews,
"Family-friendly, cozy guest room",101,Private room,1 review,
Large sunny room for singel/couple,88,Private room,0 reviews,
Brownstone Top Floor 2BR,202,Entire home/apt,0 reviews,
SPACIOUS WILLIAMSBURG LOFT,108,Private room,1 review,
"Red Hook, Single RM, FISHGRALA",93,Private room,0 reviews,
Cozy Full Bed with Private Entrance,81,Private room,19 reviews,
Brooklyn 1BD with Private Entrance,108,Private room,8 reviews,
Gorgeous and Spacious NYC,83,Private room,3 reviews,
Clean Comfortable Apt in Brooklyn,148,Entire home/apt,30 reviews,
Excellent Room  with Comfy Bed,94,Private room,0 reviews,
Explore Brooklyn!,73,Private room,8 reviews,
"Private room, minutes from subway!",65,Private room,13 reviews,
Luxury Private Bed nr C/3 Subways,93,Private room,11 reviews,
"Large, sunny bedroom",88,Private room,0 reviews,
SWEET ROOM B- 15 MINUTES >MANHATTAN,98,Private room,62 reviews,
The Black and White Loft,121,Private room,35 reviews,
Lovely Spacious Private Room,121,Private room,48 reviews,
Spacious Room in Clinton Hill,88,Private room,0 reviews,
Room in East Williamsburg,135,Private room,0 reviews,
Comfortable Room available,73,Private room,44 reviews,
Garden Room,94,Private room,8 reviews,
Exclusive 2BR Heart of Williamsburg,236,Entire home/apt,0 reviews,
KING SIZE LUX Private Master Studio,120,Entire home/apt,6 reviews,
Lovely living room space.,61,Shared room,0 reviews,
spacious studio apartment,155,Entire home/apt,132 reviews,
Beautiful & Charming Loft Space,337,Entire home/apt,0 reviews,
"1BR w/roof: Williamsburg, Brooklyn",149,Entire home/apt,1 review,
Room in the heart of Williamsburg,81,Private room,0 reviews,
Nice Carroll Gardens 1BR by F Train,202,Entire home/apt,0 reviews,
2-bed Garden Apt on quiet block,175,Entire home/apt,1 review,
"Nice Cozy Room in Brooklyn, NYC",79,Private room,9 reviews,
Designer's apt steps from subway,124,Entire home/apt,0 reviews,
Private Williamsburg Flat,168,Entire home/apt,60 reviews,
My apartment is awesome.,170,Private room,6 reviews,
Kid Friendly 2bed/2bath CobbleHill,323,Entire home/apt,0 reviews,
Private apartment  10 mins to NYC,114,Entire home/apt,51 reviews,
Top Floor! Big Room! Brooklyn!!,74,Private room,0 reviews,
BUDGET LUXURY 2 BY BROOKLYN BRIDGE!,148,Private room,0 reviews,
One bedroom apartment,149,Private room,0 reviews,
Sunny Bedroom In Vibrant Brooklyn!,88,Private room,81 reviews,
Private Room & Bathroom. Roof Top.,141,Private room,10 reviews,
Quiet & Big Bedroom near the Subway,61,Private room,3 reviews,
Cozy Bedroom in Artist Home,88,Private room,13 reviews,
Daybed with privacy curtain,66,Shared room,1 review,
Spacious Bright double bedroom,86,Private room,0 reviews,
Ideally Situated Brooklyn Apt,121,Private room,0 reviews,
Private sunny bedroom in BK,81,Private room,2 reviews,
BROWNSTONE BEAUTY,101,Entire home/apt,5 reviews,
Cozy Studio -heart of Williamsburg!,148,Entire home/apt,2 reviews,
Room in Spacious Williamsburg Loft,81,Private room,0 reviews,
"Spacious, Renovated Bed Stuy home",81,Entire home/apt,0 reviews,
Sunny & Spacious in Park Slope,155,Entire home/apt,2 reviews,
Shared Apartment to share,135,Private room,0 reviews,
Beds Bikes Breakfast on The Park,61,Private room,24 reviews,
Lovely Sunny Apt Near 3 Subways,86,Private room,4 reviews,
Perfect 2BR for a family!,202,Entire home/apt,0 reviews,
Chic Studio Apartment in Bed Stuy,132,Entire home/apt,0 reviews,
"Charming, modern, spacious",195,Entire home/apt,5 reviews,
NYC artists’ loft with roof deck,67,Private room,76 reviews,
Hidden Gem: Kensington Master Suite,202,Entire home/apt,0 reviews,
5 Star Apartment and Experience,228,Entire home/apt,166 reviews,
One room in a 4 Bedroom apt.,54,Private room,0 reviews,
"BK Garden Oasis Queen bd, L train!",83,Private room,15 reviews,
"The Ladies Loft, The Lower Bunk",58,Shared room,15 reviews,
Large 1bd N Prime Greenpoint w/yard,303,Entire home/apt,0 reviews,
"Comfy, convenient bedroom in Bklyn!",108,Private room,24 reviews,
Bright and Airy Brooklyn Abode,195,Entire home/apt,4 reviews,
Beautiful Room in Brooklyn,66,Private room,2 reviews,
"Modern, Well-Appointed Room in NYC!",88,Private room,115 reviews,
A Cozy Studio in Clinton Hill,148,Entire home/apt,3 reviews,
The Library Loft's White Room,121,Private room,51 reviews,
spacious studio apartment,155,Entire home/apt,132 reviews,
BUDGET LUXURY A BY BROOKLYN BRIDGE!,148,Private room,0 reviews,
"20mins to Manhattan, Private Room B",94,Private room,20 reviews,
Room with En Suite Bathroom & Deck,114,Private room,240 reviews,
Gorgeous 1BR w huge private terrace,133,Entire home/apt,0 reviews,
Private Williamsburg Penthouse,175,Private room,49 reviews,
Big-Clean-Cozy-Unique-Chic Share,159,Private room,88 reviews,
full floor apt with back patio,162,Entire home/apt,1 review,
"Cozy Room in Clinton Hill, Bk",94,Private room,0 reviews,
SUNNY MODERN LOFT A ON BEDFORD AVE!,129,Private room,56 reviews,
beautiful brownstone,175,Entire home/apt,59 reviews,
Brookyln Apartment with Back Yard!,54,Private room,0 reviews,
Beautiful One Bedroom Brooklyn Apt,81,Entire home/apt,4 reviews,
Spacious Comfortable Studio,94,Private room,0 reviews,
"Comfortable modernloft , city view",162,Private room,0 reviews,
Large 2br apartment in Brooklyn,254,Entire home/apt,0 reviews,
Roomy // Clean Apt in Bushwick,209,Entire home/apt,0 reviews,
9Bright Private Room in Lux Loft,135,Private room,29 reviews,
SWEET ROOM B- 15 MINUTES >MANHATTAN,98,Private room,62 reviews,
"Cozy private room in Brooklyn, NY.",67,Private room,7 reviews,
2BR + Roof Top-20min from Manhattan,315,Entire home/apt,0 reviews,
Great studio,471,Entire home/apt,0 reviews,
Greenpoint 2 Bedroom Duplex,229,Entire home/apt,0 reviews,
Cozy BedStuy Nook with Private RR,67,Private room,4 reviews,
Family Owned & Operated Brownstone,81,Private room,53 reviews,
"Nice Cozy Room in Brooklyn, NYC",79,Private room,9 reviews,
Cozy Private Room in Hip Bushwick,101,Private room,37 reviews,
Spacious Brownstone Room,108,Private room,7 reviews,
Mitchell Manor,168,Entire home/apt,39 reviews,
BUDGET LUXURY 2 BY BROOKLYN BRIDGE!,148,Private room,0 reviews,
"Awesome Apt by 2,3,4,5,C,B,Q train",121,Entire home/apt,64 reviews,
"1BR in charming 2BR, Clinton Hill",100,Private room,6 reviews,
Sunny Brownstone Private Backyard,101,Private room,12 reviews,
Private Room in Victorian House,101,Private room,29 reviews,
The Heart of Williamsburg,128,Private room,17 reviews,
Harmony Room with Bed and Futon,101,Private room,0 reviews,
Sunny 1 or 2 BR apt in Boerum Hill,254,Entire home/apt,85 reviews,
2 room suite in quiet brownstone,183,Entire home/apt,20 reviews,
"Huge, sunny room just for you!",101,Private room,3 reviews,
New Budget Room #3,66,Private room,27 reviews,
4-person Private Room Near Subway,101,Private room,0 reviews,
"Great space, amazing location",106,Private room,16 reviews,
Charming Carroll Gardens Studio,132,Entire home/apt,1 review,
Cozy Rm In BedSty Blks From A Train,105,Private room,2 reviews,
"2BR gem in Cobble Hill, Brooklyn",162,Entire home/apt,4 reviews,
"BEST DEAL IN BROOKLYN, FULL SIZE BD",61,Private room,86 reviews,
Beautiful Room in Brooklyn,66,Private room,2 reviews,
#2~Studio Suite-10 mins Manhattan!,133,Entire home/apt,40 reviews,
Charming brownstone in Bed-Stuy,135,Entire home/apt,0 reviews,
Charming Private BD in Brooklyn,94,Private room,40 reviews,
Gorgeous Brownstone Suite,176,Private room,40 reviews,
Cute and bright studio apartment,141,Entire home/apt,9 reviews,
Cozy Private Room in Hip Bushwick,101,Private room,37 reviews,
"Bright, Clean, 1/2 Block from Train",61,Private room,0 reviews,
BEST DEAL IN BROOKLYN,50,Shared room,13 reviews,
Le Petit Château,135,Entire home/apt,10 reviews,
Large Brand New Park Slope 1BR,175,Entire home/apt,46 reviews,
Beautiful Brownstone Apartment,106,Private room,6 reviews,
Bright & Cozy Brownstone Studio,128,Entire home/apt,6 reviews,
Huge one bedroom in Ditmas Park,135,Entire home/apt,2 reviews,
BedStuy Room with Backyard,71,Private room,37 reviews,
"Apt+private yard,20min to Manhattan",206,Entire home/apt,3 reviews,
Charming Brooklyn Room,93,Private room,11 reviews,
Sunny Queer Home by Prospect Park,67,Private room,0 reviews,
Lovely Bklyn Duplex w/ Courtyard,337,Entire home/apt,71 reviews,
South Slope Private Basement Studio,114,Private room,36 reviews,
Room in Spacious Brooklyn Apt,101,Private room,8 reviews,
Loft in Brooklyn w/AC!!! JULY SALE,202,Entire home/apt,39 reviews,
Private Room in Heart of Brooklyn,94,Private room,10 reviews,
Nice & bright room in Bushwick,53,Private room,32 reviews,
BK Garden Oasis 4! twn bunk beds,86,Private room,10 reviews,
"Lrg Apt in trendy Prospect Hts, Bk",182,Entire home/apt,63 reviews,
Sunny Studio near Prospect Park,108,Entire home/apt,32 reviews,
Room in perfect location,38,Private room,2 reviews,
Charming Carroll Gardens 2 bed apt,269,Entire home/apt,0 reviews,
Location! 1b apt 10min to Manhattan,201,Entire home/apt,84 reviews,
2 Bedroom Apartment in Brooklyn,199,Entire home/apt,19 reviews,
Bright New Mod 1bd+RoofDeck/WBurg,229,Entire home/apt,7 reviews,
bushwick share private room,61,Private room,1 review,
Enjoy your stay in NYC 2 Bed roooms,148,Entire home/apt,0 reviews,
Artsy Bushwick apt close to fun:),94,Private room,0 reviews,
Cozy Fort in Classic Artist's Loft,94,Private room,171 reviews,
"Simple, Spacious Bed Stuy 1 Bedroom",296,Entire home/apt,0 reviews,
Quiet 1BR on the Park with a Pool!,187,Entire home/apt,13 reviews,
Bright Room in the Best Location,108,Private room,10 reviews,
Comfy Room in the heart of BK!,62,Private room,19 reviews,
Bargain Private Room A4,66,Private room,43 reviews,
Cozy & modern studio in Ft. Greene!,175,Entire home/apt,0 reviews,
"Dreamy, Sunbathed Brownstone Apt.",90,Entire home/apt,1 review,
Room in peaceful Sunset Park,81,Private room,0 reviews,
Soaring Bushwick 3 Bedroom,370,Entire home/apt,7 reviews,
Brownstone Zen Garden Studio,141,Entire home/apt,0 reviews,
Bright Bedroom in Heart of BedStuy!,67,Private room,1 review,
Excellent Rm Best Area Williamsburg,114,Private room,39 reviews,
Special OFFER on Airbnb NYC Room!,93,Private room,31 reviews,
Treehouse Loft in an Artistic Haven,67,Private room,2 reviews,
Stay in hip Williamsburg apartment!,88,Private room,5 reviews,
"Cozy, sunny private room",74,Private room,5 reviews,
Amazing Williamsburg Studio NYC,202,Entire home/apt,182 reviews,
Classic Williamsburg,108,Private room,99 reviews,
Brooklyn Apartment,67,Private room,3 reviews,
Penthouse apartment with roof deck,133,Entire home/apt,3 reviews,
cozysunny studio in manhattan beach,116,Entire home/apt,0 reviews,
A Cozy Studio in Clinton Hill,148,Entire home/apt,3 reviews,
Brand New Clinton Hill 1BR,175,Entire home/apt,4 reviews,
Clinton Hill 2 bedroom,175,Entire home/apt,6 reviews,
Charming Room in Bright Modern Apt,74,Private room,2 reviews,
Unique Artist's Apartment,162,Entire home/apt,0 reviews,
The Heights,175,Entire home/apt,0 reviews,
Modern Condo/Private Terrace w/View,133,Entire home/apt,0 reviews,
Stunning Studio in Fort Greene,135,Entire home/apt,4 reviews,
bed stuy do...,199,Entire home/apt,11 reviews,
Big private bedroom,79,Private room,4 reviews,
Cozy bedroom in Greenpoint,81,Private room,0 reviews,
Soaring Bushwick 3 Bedroom,370,Entire home/apt,7 reviews,
Private couples & family paradise,88,Entire home/apt,69 reviews,
Master Bedroom in Hip Williamsburg,148,Private room,27 reviews,
Studio - Hottest BKLYN Neighborhood,201,Entire home/apt,14 reviews,
Room + Private Bath near Manhattan,94,Private room,4 reviews,
Heart of Bushwick - Best Street Art,135,Entire home/apt,0 reviews,
"Sunny, family-friendly with parking",171,Entire home/apt,5 reviews,
Beautiful Room in Modern BK Apt,94,Private room,8 reviews,
Private Entry Garden Apartment,108,Entire home/apt,118 reviews,
"Comfy, Cozy Bedroom",121,Private room,26 reviews,
Williamsburg Room - AMAZING views!,100,Private room,13 reviews,
SPACIOUS WILLIAMSBURG LOFT,108,Private room,1 review,
Large 1BR right by Prospect Park,162,Entire home/apt,6 reviews,
Beautiful Artistic Studio + Den,162,Entire home/apt,1 review,
Spacious room 25 min from Manhattan,67,Private room,19 reviews,
Classic 1BR Brownstone w/ Backyard,135,Entire home/apt,0 reviews,
Charming 3bdrm Loft~Bed & Bagel!,316,Entire home/apt,59 reviews,
Roof Studio + Private Bath + Deck,156,Private room,15 reviews,
The studio on the park!,175,Entire home/apt,4 reviews,
COMFORTABLE PRIVATE ROOM FOR RENT,104,Private room,6 reviews,
Cozy Room In Vibrant Brooklyn!,66,Private room,93 reviews,
Loft in Brooklyn,188,Entire home/apt,9 reviews,
Brooklyn Finest Room Rentals 2,66,Private room,0 reviews,
A Tree Grows in Brooklyn,114,Private room,0 reviews,
Nice Bedroom in Brooklyn Brownstone,67,Private room,11 reviews,
Very private & large room Wburg BK,135,Private room,2 reviews,
Bookish 1br in Sunny Brownstone,175,Entire home/apt,0 reviews,
Midcentury Inspired Plantlovers Apt,195,Entire home/apt,0 reviews,
Comfort and Convenience by the Park,108,Private room,22 reviews,
ZEN LOFT 3 - INSTANT BOOK NOW :),108,Private room,37 reviews,
Loft room in Williamsburg/Bushwick!,77,Private room,8 reviews,
sunny 1-bedroom oasis on the park,162,Entire home/apt,1 review,
Sweet Luxury Studio! Brand new!,88,Entire home/apt,2 reviews,
Spacious Loft - J/M/Z & L train,215,Entire home/apt,5 reviews,
Cozy Brooklyn Home 20 mins to City!,110,Private room,6 reviews,
Spacious corner apartment in DUMBO,268,Entire home/apt,2 reviews,
Brooklyn Private Space Rental 3,88,Private room,31 reviews,
Close to everything one bedroom Apt,114,Entire home/apt,8 reviews,
Sunny Room in Williamsburg Loft,121,Private room,0 reviews,
AVAILABLE AUG! Carriage House Suite,222,Entire home/apt,212 reviews,
Great New York Williamsburg Loft!,310,Entire home/apt,0 reviews,
"Musician's Den, live Jazz in NYC",81,Private room,19 reviews,
"Large, Luxury Bedroom nr JMZ subway",88,Private room,9 reviews,
Brooklyn Zen Gem Serenity Bedroom,101,Private room,4 reviews,
"Cozy room, great view of Manhattan",101,Private room,57 reviews,
AFFORDABLE PRIVATE ROOM,61,Private room,0 reviews,
Welcome to Brooklyn!,108,Private room,0 reviews,
PRIME Upscale Brooklyn! NEAR MANHTN,108,Private room,2 reviews,
Brooklyn Creative Snooze Factory,88,Private room,21 reviews,
Room with Private Bathroom.,102,Private room,15 reviews,
Room in East Williamsburg,135,Private room,0 reviews,
"Comfortable, Stylish 1 Bedroom",155,Entire home/apt,9 reviews,
"Beautiful Brownstone, your 2nd home",148,Entire home/apt,0 reviews,
spacious room in brooklyn,88,Private room,0 reviews,
Private Williamsburg Flat,168,Entire home/apt,60 reviews,
Cozy East Williamsburg Room,61,Private room,1 review,
HEART of BK! 10 min to Manhattan!,140,Private room,24 reviews,
BROOKLYN - RAILROAD 2-1 Room,51,Shared room,29 reviews,
Modern Comfortable Private RM 1,54,Private room,29 reviews,
Wburg 1 bedroom - Spacious & Sunny,195,Entire home/apt,1 review,
Large bright 2-bedroom,215,Entire home/apt,19 reviews,
"Sunny Apartment in Brooklyn, NY",148,Entire home/apt,1 review,
SUNNY BROOKLYN ROOM C- NEXT TO MTA!,94,Private room,36 reviews,
Brooklyn Loft with a view!,79,Private room,23 reviews,
Global Modern Garden Apt BedStuy,182,Entire home/apt,77 reviews,
NEW MODERN LOFT 3 ON BEDFORD AVE!!!,135,Private room,52 reviews,
1 bedroom in 4 bedroom apt,54,Private room,2 reviews,
Comfy Couch - 30m From Manhattan,34,Shared room,2 reviews,
Sunny Room by Prospect Park,81,Private room,20 reviews,
cozy newly renovated  apt in bklyn,201,Entire home/apt,18 reviews,
Cozy Room in Huge Crown Heights Apt,63,Private room,4 reviews,
nice room in bedstuy 5,67,Private room,22 reviews,
South Slope Pied-A-Terre Studio,174,Entire home/apt,22 reviews,
Suite with eat-in Kitchen,108,Private room,15 reviews,
"Gorgeous, Sunny and Spacious 1 Brdm",222,Entire home/apt,12 reviews,
Holiday Stay,47,Private room,0 reviews,
Budget Room in Williamsburg - 2A,74,Private room,11 reviews,
Brooklyn Studio close to train,128,Entire home/apt,5 reviews,
Luxurious Garden-Level Apartment,188,Entire home/apt,1 review,
Perfect for you! #3,74,Private room,18 reviews,
NICE ROOM #1 ~ AWESOME LOCATION!!!,222,Private room,6 reviews,
Entire Waterfront Loft; City Views,272,Entire home/apt,78 reviews,
Charming and Spacious 1 bedroom,114,Private room,2 reviews,
1 BR-charming duplex-Priv. rooftop,94,Private room,8 reviews,
Beautiful Spacious Apartment in BK,160,Entire home/apt,1 review,
Cozy Crown Heights Apartment,101,Private room,21 reviews,
Ultra central cozy private Brooklyn,106,Private room,2 reviews,
Entire Garden Floor of Brownstone,168,Entire home/apt,26 reviews,
Architects hip Brooklyn Oasis!,163,Entire home/apt,12 reviews,
Sunny Room in Prime Bedstuy,83,Private room,7 reviews,
Spacious Guest Room in Brownstone,114,Private room,12 reviews,
Private Rm+Roofdeck: Clean&Lovely,108,Private room,38 reviews,
"Location, Location, Park Slope",236,Entire home/apt,1 review,
Whole B'stone flr w priv kit & bat,108,Private room,8 reviews,
Summertime in the heart of Brooklyn,202,Entire home/apt,6 reviews,
Bright Bedroom in Brooklyn Pad,120,Private room,0 reviews,
Bright Modern Brooklyn Home,93,Private room,5 reviews,
Tiny little private nook!,53,Private room,34 reviews,
"Sunny, Clean Room in Brooklyn",54,Private room,0 reviews,
Large Sunny 1BR - Entire 2nd Floor,201,Entire home/apt,94 reviews,
"Sunny Room, Great Location",61,Private room,3 reviews,
Bushwick/Bed Stuy Border,54,Private room,2 reviews,
Southern Brooklyn Sunsets,67,Private room,1 review,
Cosy apt on a super friendly block,121,Entire home/apt,2 reviews,
2min to L train 20min to Union Sq,67,Private room,1 review,
Sunny Loft 15 min. to Union Square,121,Private room,127 reviews,
Modern and Sunny with Treetop Views,101,Private room,0 reviews,
PRIVATE Room||Luxury Apt,101,Private room,0 reviews,
Cozy Eclectic with Private Bath!!,88,Private room,34 reviews,
Beautiful Bushwick - 3BR Apartment,234,Entire home/apt,25 reviews,
Fun n easy Bushwick morgan stop!,69,Shared room,30 reviews,
The BLUE ROOM in Artist's B&B!,133,Private room,118 reviews,
Fully furnished 1 br apt.,202,Entire home/apt,4 reviews,
Cozy garden studio in hip Gowanus,168,Entire home/apt,2 reviews,
"Sunny, calm room in Victorian home",106,Private room,78 reviews,
Backyard Deck Williamsburg Room!,128,Private room,42 reviews,
Awesome Room with 2 Beds and Futon,114,Private room,0 reviews,
ROOM WITH A  KITCHENETTE,108,Entire home/apt,101 reviews,
BED-STUY SOUTHERN COMFORT,182,Entire home/apt,26 reviews,
2 Bedroom Duplex,175,Entire home/apt,1 review,
Stylish Arty Brooklyn Appartment #4,236,Entire home/apt,27 reviews,
Private Room in Hip Williamsburg,104,Private room,25 reviews,
A garden apartment in a brownstone.,202,Entire home/apt,12 reviews,
Mod Glamor in Bed-Stuy Garden Flat,202,Entire home/apt,0 reviews,
Modern Condo/Private Terrace w/View,133,Entire home/apt,0 reviews,
OPEN LOFT BED in nice apt hip area,54,Shared room,2 reviews,
NYC by the beach!,67,Private room,0 reviews,
Island Haven in the Big City,148,Private room,12 reviews,
"Sunny, well-appointed Brooklyn room",53,Private room,55 reviews,
"Private room, workspace + XL patio!",74,Private room,1 review,
Studio in great neighborhood,108,Entire home/apt,4 reviews,
"Sunny Room, Backyard, Rooftop by L",129,Private room,25 reviews,
Sunny large window room with view,94,Private room,2 reviews,
Sunny Bright Williamsburg Apartment,303,Entire home/apt,8 reviews,
Affordable room in Williamsburg!,67,Private room,2 reviews,
The Emerald at The Gatling,267,Entire home/apt,17 reviews,
Location Location Location!!!,135,Private room,7 reviews,
Chic and Cozy Heart of Williamsburg,128,Private room,0 reviews,
Amazing Room in Modern Loft,135,Private room,25 reviews,
Option of 2 Full Beds + Roof Deck,78,Private room,103 reviews,
Luxurious Brooklyn Getaway!,135,Entire home/apt,17 reviews,
"Private space w/futon, near train",54,Private room,8 reviews,
Bunk in Brooklyn 3,39,Shared room,12 reviews,
Beautiful Bedroom In Crown Heights!,132,Private room,0 reviews,
Bed & Bath Suite in New Duplex,113,Private room,13 reviews,
SUNNY ROOM A PRIME CHIC WILLYBURG!!,135,Private room,56 reviews,
"nice room to rent, Brooklyn",101,Private room,24 reviews,
Big Sunny Bdrm fits 3-4 in E W-burg,101,Private room,48 reviews,
Sunny Loft 15 min. to Union Square,121,Private room,127 reviews,
Bargain Private Room A2,106,Private room,38 reviews,
Gorgeous Room Near Prospect Park,93,Private room,4 reviews,
Best Corner of Bushwick; Guest Room,101,Private room,4 reviews,
Cozy Room in Williamsburg,114,Private room,20 reviews,
Room in Williamsburg Rowhouse - 2C,88,Private room,6 reviews,
Sunny Bedroom in Williamsburg Loft,128,Private room,39 reviews,
Prvt Garden Flat 15mins/Manhattan,135,Entire home/apt,48 reviews,
THREE BEDROOM APARTMENT IN BROOKLYN,202,Entire home/apt,9 reviews,
"Private, Large & Sunny 2BR w/W&D",222,Entire home/apt,140 reviews,
Nyc! Cozy room in Williamsburg,114,Private room,27 reviews,
True Brooklyn Loft Experience,202,Entire home/apt,1 review,
"Single room, City in 15! Great spot",67,Private room,46 reviews,
the perfect stay in brooklyn,120,Entire home/apt,71 reviews,
Entire 1 Bedroom Apt,168,Entire home/apt,1 review,
Easy Great Private Room!,61,Private room,6 reviews,
"Modern Room, Private Terrace w/View",128,Private room,33 reviews,
Studio with Outdoor Space,162,Entire home/apt,0 reviews,
Comfy Couch - 30m From Manhattan,34,Shared room,2 reviews,
Convenient 1 bedroom in Greenpoint,61,Private room,3 reviews,
Spacious 4-BD/2BA Townhouse in PLG,397,Entire home/apt,7 reviews,
Delightful Room in BEST Location,135,Private room,6 reviews,
Beautiful room off Bedford ave.,101,Private room,83 reviews,
Stylish Modern Comfort in Bed-Stuy,148,Entire home/apt,0 reviews,
Amazing Duplex Apt w/ 2 Terraces!,337,Entire home/apt,3 reviews,
Private Room in Victorian House,101,Private room,29 reviews,
One bedroom apartment,81,Entire home/apt,0 reviews,
Lovely Brooklyn Home Away From Home,105,Private room,0 reviews,
2BR Apt in Modern NYC Brownstone,241,Entire home/apt,24 reviews,
"Sunny, calm room in Victorian home",106,Private room,78 reviews,
Cozy Room in Super Convenient Area,77,Private room,1 review,
New studio - 25 min to the city,202,Entire home/apt,7 reviews,
Beautiful flat - prime Williamsburg,188,Entire home/apt,34 reviews,
Bright and Clean Room for You!,61,Private room,0 reviews,
Best Bedroom in Bedstuy/Bushwick,114,Private room,20 reviews,
Comfy Room in Park Slope,106,Private room,6 reviews,
Perfect One Bedroom in Brooklyn,81,Private room,2 reviews,
"bright, sunny room in new building",97,Private room,33 reviews,
Sunny + Stylish Brownstone Oasis,143,Entire home/apt,1 review,
Small Private Room # 1 and 1 Window,55,Private room,57 reviews,
"BK Garden Oasis 3, twin/full bunk!",97,Private room,15 reviews,
Sunny Private room in Brooklyn! Hip,101,Private room,5 reviews,
Best Price/Location deal in NYC,114,Private room,41 reviews,
Ideal Brooklyn Brownstone Apartment,222,Entire home/apt,69 reviews,
Introducing! Charming 1br Flat,114,Entire home/apt,0 reviews,
Amazing Duplex Apt w/ 2 Terraces!,337,Entire home/apt,3 reviews,
Sunny Nest in Bed-Stuy Treetops,143,Entire home/apt,8 reviews,
Cozy Private Room in Bushwick!,54,Private room,10 reviews,
Cozy Private Room on a Lovely Block,88,Private room,15 reviews,
sunny private bedroom,92,Private room,11 reviews,
Spacious and comfortable bedroom,121,Private room,2 reviews,
Heart of Williamsburg Brooklyn,350,Entire home/apt,0 reviews,
Prospect Heights Hangout,114,Entire home/apt,3 reviews,
Bright Lively Room in Hip Bed-Stuy,108,Private room,3 reviews,
New Unit in Shipping Container Home,133,Private room,0 reviews,
Park Slope/Gowanis Urban Oasis,62,Shared room,45 reviews,
Beautiful Home Away From Home,79,Private room,0 reviews,
Chic pad steps from Prospect Park,92,Entire home/apt,3 reviews,
"BK Garden Oasis 2, Queen Bd L Train",97,Private room,9 reviews,
Great room in hip Williamsburg,101,Private room,86 reviews,
"Location, Location, Park Slope",236,Entire home/apt,1 review,
Quiet 1BR on the Park with a Pool!,187,Entire home/apt,13 reviews,
Spacious Air Conditioned Room,81,Private room,4 reviews,
Luxe New Queen Br near Subways,83,Private room,11 reviews,
"Private space w/futon, near train",54,Private room,8 reviews,
Beautiful Brooklyn Brownstone 3 Bed,404,Entire home/apt,3 reviews,
"Spacious, furnished room for rent",86,Private room,11 reviews,
Crown Heights 2 bdrm Near Franklin,175,Entire home/apt,5 reviews,
Private BR + BR in modern Brkln apt,172,Private room,12 reviews,
Cute and bright studio apartment,141,Entire home/apt,9 reviews,
Lovely Brooklyn Home Away From Home,105,Private room,0 reviews,
Spacious private room in loft,135,Private room,51 reviews,
Bright/Beautiful Park Side Studio,94,Entire home/apt,5 reviews,
"Fab, Spacious Room near Barclay's",121,Private room,65 reviews,
Nice East Williamsburg Artist Loft,67,Private room,3 reviews,
Clean Private Room in Modern Apt,108,Private room,1 review,
Spacious Studio Room in Bed Stuy,81,Private room,8 reviews,
Brooklyn Brownstone Luxury!,132,Entire home/apt,17 reviews,
1 BD in Modern Bedstuy Duplex,58,Private room,0 reviews,
Private  Room - 15 min to Manhattan,93,Private room,33 reviews,
private room with private bathroom,133,Private room,49 reviews,
Private Bedroom & Bathroom W/ Yard,88,Private room,49 reviews,
Quiet room facing lush backyard,101,Private room,4 reviews,
"Your Brooklyn home, near Manhattan!",89,Private room,12 reviews,
Beds Bikes Breakfast on The Park,61,Private room,24 reviews,
Superhost Special Offer in NYC!,93,Private room,26 reviews,
East Williamsburg Artist Loft Room,67,Private room,2 reviews,
NYC artists’ loft with roof deck,67,Private room,76 reviews,
Stylish Modern Comfort in Bed-Stuy,148,Entire home/apt,0 reviews,
Budget Room in Williamsburg 3D,71,Private room,2 reviews,
Cozy Carroll Gardens Brownstone Apt,236,Entire home/apt,69 reviews,
One Bedroom $900/month or $30/night,40,Private room,3 reviews,
Flat w/ garden—15 min. to Manhattan,94,Entire home/apt,2 reviews,
Private Studio in Greenpoint,222,Entire home/apt,12 reviews,
Artistic Studio Apartment,121,Entire home/apt,36 reviews,
Modern Bedroom in Williamsburg Loft,128,Private room,49 reviews,
Spacious Room in Brooklyn for 2!,81,Private room,29 reviews,
Spacious Studio w/ Backyard,132,Entire home/apt,32 reviews,
Brooklyn Loft+City skyline view,74,Private room,31 reviews,
New Budget Room #4,66,Private room,21 reviews,
Large Bedroom in Bedstuy Brooklyn.,67,Private room,0 reviews,
Nice Bedroom in Brooklyn Brownstone,67,Private room,11 reviews,
Cozy BedStuy Nook with Private RR,67,Private room,4 reviews,
Beautiful & Bright on Bedford Ave!,114,Private room,31 reviews,
Spacious & Stylish-Central location,222,Entire home/apt,48 reviews,
Modern 1-Bedroom in DUMBO,202,Entire home/apt,13 reviews,
AWESOME ROOM IN BEDSTUY BROOKLYN! !,67,Private room,12 reviews,
Williamsburg Private Room For Rent,108,Private room,33 reviews,
Large Williamsburg Artist Loft,335,Entire home/apt,0 reviews,
Sunny Clinton Hill Apt w/Patio,201,Entire home/apt,1 review,
"Charming Park Slope, Brooklyn",118,Private room,49 reviews,
Private Room in Williamsburg NYC,114,Private room,33 reviews,
"Easy going, clean and close to city",88,Private room,42 reviews,
ArtistLoft-McCarenPark-Williamsburg,147,Private room,55 reviews,
Daybed with privacy curtain,66,Shared room,1 review,
Room with your private garden,88,Private room,1 review,
Williamsburg Penthouse Hideaway,88,Private room,67 reviews,
Spacious Bushwick Artist's Loft,182,Entire home/apt,17 reviews,
"Comfortable, Lovely Room on L Train",79,Private room,41 reviews,
700 Sq Ft Luxe Loft Floor + Kitchen,168,Entire home/apt,52 reviews,
A Little Haven in Brooklyn,135,Entire home/apt,21 reviews,
New listing! Bk artist loft.,252,Entire home/apt,17 reviews,
Heart of Boerum Hill Brownstone 3rm,108,Private room,7 reviews,
Lovely Guestroom in Brownstone,88,Private room,16 reviews,
Mayor's Mansion - Carlton_Suite,135,Private room,20 reviews,
Private Spacious Room with bathroom,135,Private room,0 reviews,
Sunny 1BR with Terrace/City Views,228,Entire home/apt,24 reviews,
Historic Clinton Hill Townhouse,364,Entire home/apt,0 reviews,
"Cozy, spacious & convenient 1 BR :)",101,Private room,54 reviews,
VacationRental! Big Room!,89,Private room,4 reviews,
Beautiful Light Filled Apartment!,162,Entire home/apt,48 reviews,
Seven Days Sleep Near Prospect Park,135,Entire home/apt,55 reviews,
Classic Brooklyn brownstone,228,Private room,32 reviews,
Modern and Sunny with Treetop Views,101,Private room,0 reviews,
Spacious Sunny fabulous Fort Greene,114,Private room,0 reviews,
Park Slope Green Guest House,182,Entire home/apt,244 reviews,
Private room in Williamsburg,168,Private room,30 reviews,
Sun-drenched Spacious Apt Share,86,Private room,14 reviews,
Triplex Penthouse in New York,377,Entire home/apt,10 reviews,
Artsy Loft in New Building by the L,93,Private room,4 reviews,
A cozy and fair price room in NY,66,Private room,10 reviews,
Cozy Room in 3BD Apt,88,Private room,0 reviews,
Gorgeous 1br City View Penthouse,242,Entire home/apt,2 reviews,
Sunny Studio on Prospect Park,135,Entire home/apt,32 reviews,
THE LINCOLN PARLOR,283,Entire home/apt,15 reviews,
"Big, Sunny, Modern Apartment w/VIEW",303,Entire home/apt,40 reviews,
"Red Hook, Single RM, FISHGRALA",93,Private room,0 reviews,
Mayor's Mansion - Garden Suite,168,Private room,71 reviews,
Stay in super cool williamsburg! :),114,Private room,13 reviews,
BEST SPACE IN WILLIAMSBURG,141,Private room,6 reviews,
Room in 2bdr with Private balcony!,121,Private room,5 reviews,
Classic Park Slope 1.5 Bedroom,168,Entire home/apt,1 review,
Luxury Living in Brooklyn,133,Shared room,41 reviews,
"COZY SUNNY ROOM, BLOCK 4RM TRAIN :)",141,Private room,5 reviews,
"Nice room, comfy bed, friendly host",71,Private room,16 reviews,
Cozy Brooklyn Home 20 mins to City!,110,Private room,6 reviews,
Twenty five minutes to Manhattan,88,Private room,26 reviews,
Lounge in Lefferts Garden for $24,32,Shared room,11 reviews,
Huge Loft - Private Bathroom Room B,88,Private room,10 reviews,
Sunset Retreat - Charming Oasis,121,Entire home/apt,75 reviews,
"Beautiful Light Apt Red Hook, Bklyn",182,Entire home/apt,84 reviews,
Brooklyn Apartment,162,Entire home/apt,5 reviews,
Sunny Room in Brooklyn Brownstone,101,Private room,1 review,
Cozy Private Room on a Lovely Block,88,Private room,15 reviews,
Brooklyn with a lot around you,135,Entire home/apt,3 reviews,
BUDGET LUXURY A BY BROOKLYN BRIDGE!,148,Private room,0 reviews,
European female artist's place,93,Private room,0 reviews,
Spacious apartment in Greenpoint.,121,Private room,0 reviews,
Room + Private Bath near Manhattan,94,Private room,4 reviews,
"Cozy modern, South Williamsburg",179,Entire home/apt,1 review,
Small Private Room # 1 and 1 Window,55,Private room,57 reviews,
Bright & Minimal,108,Private room,0 reviews,
2 Rooms Plus Continental Breakfast!,120,Private room,1 review,
Spacious 1 bedroom in Bushwick!,88,Private room,1 review,
Large sunny room w/prvt bathroom,108,Private room,15 reviews,
That's the Brooklyn way,73,Entire home/apt,9 reviews,
Beautiful Room in Brooklyn,101,Private room,0 reviews,
Classic Brooklyn brownstone,228,Private room,32 reviews,
Red Room with deck for two $1350/mo,114,Private room,9 reviews,
"Sunny, fits 3, close to attractions",74,Private room,64 reviews,
Cozy one bedroom in bushwick!,132,Entire home/apt,4 reviews,
2 Bedroom Apartment in Brooklyn,199,Entire home/apt,19 reviews,
Bright New Mod 1bd+RoofDeck/WBurg,229,Entire home/apt,7 reviews,
Budget Room in Williamsburg 3D,71,Private room,2 reviews,
Beautiful Space in Brooklyn Heights,337,Entire home/apt,10 reviews,
SAFE  AND BEAUTIFUL ACCOMODATION,108,Private room,95 reviews,
Cozy Common Room w/ Full size Bed,40,Shared room,8 reviews,
Fully furnished 1 br apt.,202,Entire home/apt,4 reviews,
Bright cheerful 1br in Clinton Hill,188,Entire home/apt,4 reviews,
Chic private apartment in townhouse,241,Entire home/apt,142 reviews,
Ridgewood/Bushwick beautiful room F,121,Private room,0 reviews,
Spacious Room on Franklin Avenue,66,Private room,0 reviews,
Private Entire 2 Bedroom Greenpoint,269,Entire home/apt,1 review,
"Loft in Clinton Hill, Brooklyn 3",101,Private room,25 reviews,
Huge one bedroom apartment,155,Entire home/apt,0 reviews,
European garden bed & breakfast,155,Entire home/apt,1 review,
Welcoming Park Slope Sunlit Bedroom,141,Private room,55 reviews,
Spacious Fort Greene Brownstone,121,Entire home/apt,2 reviews,
Ridgewood/Bushwick beautiful room B,135,Private room,0 reviews,
ZEN LOFT 1 - INSTANT BOOK NOW :),100,Private room,35 reviews,
Cozy Room in Williamsburg,108,Private room,1 review,
"Private, New Bedroom, 20min to Manh",92,Private room,9 reviews,
Brooklyn Cute Room + Private Bath!,94,Private room,1 review,
Williamsburg Warehouse Apartment,162,Entire home/apt,0 reviews,
Skyview Private Small Room,74,Private room,11 reviews,
Beautiful New Brooklyn Apartment,88,Private room,16 reviews,
Charming bedroom in Brooklyn,114,Private room,4 reviews,
"Large, Sunny, and Private BR in BK!",75,Private room,3 reviews,
Brooklyn Prospect Park Sunny Dormer,155,Private room,87 reviews,
LUXURY ROOM 2 CHARMING CLINTON HILL,148,Private room,18 reviews,
Big Sunny Loft Style Garden Apt,121,Entire home/apt,22 reviews,
Cozy room in 2BR apt in Bushwick!,78,Private room,0 reviews,
15minutes from downtown & Manhattan,67,Private room,24 reviews,
Modern Apt in Prime Williamsburg!,195,Entire home/apt,0 reviews,
Lofty 71 m² Apt + Private Garden,256,Entire home/apt,47 reviews,
Beautiful Williamsburg Sanctuary!,133,Private room,16 reviews,
"Sunny,large, private room! Terrace!",78,Private room,0 reviews,
Red Room with deck for two $1350/mo,114,Private room,9 reviews,
Welcome to Brooklyn!,108,Private room,0 reviews,
Private Room in Beautiful Brooklyn,88,Private room,58 reviews,
Unique Artist's Apartment,162,Entire home/apt,0 reviews,
A  unique apartment with a sunroom!,199,Entire home/apt,33 reviews,
Guestroom w/ 2 beds 20 mins to NYC,74,Private room,108 reviews,
Sunny quiet Bushwick oasis,67,Private room,3 reviews,
bright studio loft in artsy bldg,175,Entire home/apt,123 reviews,
Bright Modern Brooklyn Home,93,Private room,5 reviews,
Renovated Clinton Hill Loft,128,Private room,9 reviews,
1bdrm apt by BK museum/Prospect Pk!,148,Entire home/apt,7 reviews,
Cozy & modern studio in Ft. Greene!,175,Entire home/apt,0 reviews,
Master bedroom in artsy Bushwick,59,Private room,1 review,
"CUTE, Spacious Room (LGBT) friendly",67,Private room,9 reviews,
"Luxury Warehouse Loft, Clinton Hill",202,Entire home/apt,0 reviews,
Williamsburg 2 BR Apt w View of NYC,168,Private room,0 reviews,
Private floor of a Brooklyn duplex,66,Private room,7 reviews,
Cozy room in Brooklyn,81,Private room,7 reviews,
Bushwick Apartment -close to trains,148,Entire home/apt,3 reviews,
Large Bedroom in Apt. Over Cute Bar,74,Private room,0 reviews,
Private Room in Wonderful BedStuy!,101,Private room,0 reviews,
Excellent Location in Williamsburg,114,Private room,36 reviews,
Sweet Luxe Bed w/Private Backyard,85,Private room,7 reviews,
Spacious Private Bushwick Room/Bath,101,Private room,6 reviews,
Room in Artist loft,94,Private room,6 reviews,
Beautiful Sunny Loft Brooklyn,214,Entire home/apt,3 reviews,
Private brownstone studio Brooklyn,215,Entire home/apt,73 reviews,
Cozy room in the heart of Bushwick.,54,Private room,0 reviews,
"Charming, spacious Park Slope apt",202,Entire home/apt,8 reviews,
Charming and Peaceful Brooklyn Apt,81,Private room,0 reviews,
Private Entrance BD in Artist Home,101,Private room,6 reviews,
Sun filled private room in Brooklyn,78,Private room,9 reviews,
HUGE Bedroom in Brownstone,61,Private room,2 reviews,
Modern Bushwick loft w/private bath,93,Private room,6 reviews,
"Queen Bed, Ideal Room and Location!",121,Private room,5 reviews,
Modern Apt - Vibrant Neighborhood!,168,Entire home/apt,17 reviews,
Quirky Loft - Steps From L Train,88,Private room,6 reviews,
Glowing Respite in Park Slope,101,Private room,33 reviews,
2 Bedroom in Carroll Gardens West,195,Entire home/apt,24 reviews,
Spacious Sunny Park Slope Penthouse,269,Entire home/apt,20 reviews,
Intimate modern one bedroom,50,Private room,3 reviews,
Modern Sunny Queer Friendly Loft,97,Private room,40 reviews,
Lofty Chic Lrge 2bd in Carriage Hse,269,Entire home/apt,29 reviews,
Private fits 3 ppl. Prospect Park,74,Private room,34 reviews,
"LARGE PRIVATE FLOOR IN BROOKLYN, NY",121,Entire home/apt,103 reviews,
Room in 3 BD Apt - 15 min Manhattan,78,Private room,5 reviews,
Awesome Room 2 Beds 20 min to City,101,Private room,4 reviews,
"Bushwick Biodome Loft , Great View!",108,Private room,24 reviews,
Sweet n' Spectacular PARK SLOPE!!!,94,Private room,94 reviews,
BROOKLYN  STUDIO APARTMENT,135,Private room,143 reviews,
"Sunny, Clean & Newly Renovated Pad",81,Private room,4 reviews,
Single Room for Professional –Clean,57,Private room,0 reviews,
Cozy private bedroom/living room,101,Private room,0 reviews,
Cozy room in nyc!,66,Private room,185 reviews,
Prospect Heights Pied-a-terre,160,Entire home/apt,5 reviews,
Garden Level Studio,148,Private room,9 reviews,
Private Room & Bath w/City Views,101,Private room,72 reviews,
"Large, sunny apartment with rooftop",269,Entire home/apt,1 review,
1 Bedroom in Super Hip Neighborhood,74,Private room,0 reviews,
Beautiful Brownstone Apartment,215,Entire home/apt,9 reviews,
Nice & bright room in Bushwick,53,Private room,32 reviews,
NICE ROOM #1 ~ AWESOME LOCATION!!!,222,Private room,6 reviews,
Cozy rooms with private bath,114,Private room,38 reviews,
"Big, Open Red Hook Loft",188,Entire home/apt,7 reviews,
Bright and spacious 1 bedroom,209,Entire home/apt,22 reviews,
Private bedroom in Williamsburg,101,Private room,0 reviews,
Private Orange Room,81,Private room,5 reviews,
Amazing room in Williamsburg House,128,Private room,0 reviews,
Brooklyn Cozy One bedroom Apartment,121,Entire home/apt,3 reviews,
Only 1 minute-walk to Park & Metro!,79,Private room,43 reviews,
Classic Williamsburg loft bedroom,67,Private room,23 reviews,
Beautiful Brownstone in Brooklyn,73,Private room,1 review,
Brooklyn Boheme - Large Private 1BD,101,Private room,17 reviews,
COMFY/COZY ROOM IN WILLIAMSBURG,108,Private room,9 reviews,
"Large, lofty  2 bedroom - sleeps 4",160,Entire home/apt,0 reviews,
large spacious room,121,Private room,76 reviews,
Bushwick Duplex 3 (suite),168,Private room,0 reviews,
Quiet room facing lush backyard,101,Private room,4 reviews,
2) Super Cozy Room in Brooklyn!,88,Private room,41 reviews,
Brooklyn Charm- The Living Room,67,Shared room,9 reviews,
Huge 2-bd triplex in Clinton Hill,202,Entire home/apt,0 reviews,
Our Perfect Apartment,88,Private room,0 reviews,
Cozy Apt in the heart Williamsburg,242,Entire home/apt,9 reviews,
Sunny Bedroom in Williamsburg,94,Private room,1 review,
Staycation 4-8  Apartment Duplex,229,Entire home/apt,65 reviews,
A Tree Grows in Brooklyn,114,Private room,0 reviews,
Williamsburg Penthouse Guestroom,101,Private room,27 reviews,
Cozy Stay in Brooklyn,93,Private room,20 reviews,
Cozy and Cute: A Room in Bed-Stuy,88,Private room,5 reviews,
SUNNY MODERN LOFT A ON BEDFORD AVE!,129,Private room,56 reviews,
Sunny WILLIAMSBURG. Home Sweet Home,269,Entire home/apt,96 reviews,
An One Bedroom Williamsburg Gem,202,Entire home/apt,1 review,
SUN-filled Williamsburg Apartment,128,Entire home/apt,1 review,
"Bedford L Stop, Bright 1Bedroom APT",229,Entire home/apt,1 review,
"Private, spacious room in Brooklyn",75,Private room,91 reviews,
Cosy sunny room for 2,74,Private room,13 reviews,
Luxury Garden Brownstone Apartment,201,Entire home/apt,19 reviews,
"20 mins to Manhattan,Private Room A",94,Private room,15 reviews,
Large Loft/Studio with Private room,114,Private room,1 review,
spacious room in brooklyn,88,Private room,0 reviews,
Greenpoint 2 Bedroom Duplex,229,Entire home/apt,0 reviews,
"Beautiful Light Apt Red Hook, Bklyn",182,Entire home/apt,84 reviews,
Wonderful Master Bedroom in Triplex,128,Private room,1 review,
bklyn private bedroom bathroom lux,108,Private room,26 reviews,
Cosy w Private bathroom in Bushwick,114,Private room,3 reviews,
Great room for $55 in Brooklyn!!!!,74,Private room,12 reviews,
Sunny Room in Classic Artist's Loft,114,Private room,44 reviews,
Hip/Trendy Brooklyn Loft Apartment.,88,Private room,16 reviews,
Perfect Rm Brooklyn Near 12 Trains,108,Private room,0 reviews,
House on Henry (3rd FLR Suite),215,Entire home/apt,105 reviews,
Huge Room w Private Bathroom W'burg,128,Private room,3 reviews,
"CUTE, Spacious Room (LGBT) friendly",67,Private room,9 reviews,
Private room in artist's loft!,74,Private room,11 reviews,
Brooklyn Home Base,236,Entire home/apt,41 reviews,
BedStuy Oasis with Private Yard!,94,Private room,19 reviews,
COMFY ROOM #1 ~ AMAZING LOCATION!!!,268,Private room,6 reviews,
Historic River Storefront w/Garden,236,Entire home/apt,100 reviews,
Brooklyn Garret Apartment,215,Entire home/apt,8 reviews,
"Charming apt. in Brooklyn, New York",188,Entire home/apt,9 reviews,
New Budget Room #2 - Sleeps 4!,93,Private room,29 reviews,
New studio APT with marble floors!,92,Entire home/apt,87 reviews,
Huge Williamsburg Duplex w/ View,121,Private room,9 reviews,
Private Room in Brooklyn,79,Private room,26 reviews,
Live central in lovely Williamsburg,75,Shared room,0 reviews,
Brownstone Garden Apt. on Quiet St.,215,Entire home/apt,0 reviews,
Cozy Private Bedroom in Bushwick,81,Private room,8 reviews,
Specious 2Br with Outdoor Space,303,Entire home/apt,0 reviews,
Under the Brooklyn Sun,249,Entire home/apt,0 reviews,
Close to Airport and Manhattan!,88,Private room,52 reviews,
Room w Private Bath in Brooklyn,101,Private room,0 reviews,
1bdrm apt by BK museum/Prospect Pk!,148,Entire home/apt,7 reviews,
Private Studio for Two,114,Entire home/apt,6 reviews,
Stuyvesant Height Brownstone,148,Entire home/apt,22 reviews,
Bright modern Apt in great location,162,Entire home/apt,0 reviews,
Beautiful 2BR + Yard (kid-friendly),184,Entire home/apt,37 reviews,
"Huge Sunny Private Bedroom, 1st FL",104,Private room,21 reviews,
"Quiet spacious room, sunny terrace",106,Private room,3 reviews,
COZY DELUXE COMFORT*****,121,Entire home/apt,0 reviews,
Sunny 1 Bedroom in Brooklyn,121,Entire home/apt,0 reviews,
Roomy BK oasis near park & museum!,201,Entire home/apt,0 reviews,
Classic Brooklyn Row House,296,Entire home/apt,4 reviews,
Huge Sunny room just off bedford,106,Private room,75 reviews,
"Single room, City in 15! Great spot",67,Private room,46 reviews,
Big Living Room in Brooklyn for NYC,65,Shared room,0 reviews,
Spend Your Summer in Bed-Stuy,116,Private room,0 reviews,
Four bedroom brownstone with 2 bath,303,Entire home/apt,144 reviews,
Gorgeous 1br City View Penthouse,242,Entire home/apt,2 reviews,
Dreamy Garden Level Apartment!,148,Entire home/apt,0 reviews,
Cute 1BR in lovely BedStuy,74,Entire home/apt,0 reviews,
"Park Slope, 2 bedrooms,kit and bath",135,Entire home/apt,0 reviews,
Calm & Quiet in Clinton Hill,155,Entire home/apt,1 review,
Sunny Private BR in Trendy Bushwick,88,Private room,0 reviews,
Classic Spacious Red Velvet Room,67,Private room,46 reviews,
Spacious Bedroom with Private Bath,81,Private room,0 reviews,
Lovely Boerum Hill - PrivateTerrace,141,Private room,98 reviews,
ENTIRE APT IN GORGEOUS PARK SLOPE,114,Entire home/apt,5 reviews,
Old World Garden Apartment,151,Entire home/apt,11 reviews,
Beautiful room & Amazing location,175,Private room,6 reviews,
Best Value-3 Person Room Near Metro,94,Private room,0 reviews,
Huge room in Sunset Park with AC,74,Private room,0 reviews,
FREE iPhone Bikes Laundry Etc,106,Private room,7 reviews,
Cosy Williamsburg,101,Private room,2 reviews,
Charming loft in Carroll Gardens,215,Entire home/apt,1 review,
Clean room in a comfortable flat,121,Private room,0 reviews,
Balcony Luxury Private Room,135,Private room,35 reviews,
Cozy Studio in Crown Heights North,102,Entire home/apt,0 reviews,
Private Room in a two bedroom apt.,129,Private room,45 reviews,
"Spacious, Art-Filled Garden Apt",215,Entire home/apt,0 reviews,
2 Bedroom Brownstone Parlor Suite,188,Entire home/apt,0 reviews,
Serene Room in Clinton Hill,67,Private room,0 reviews,
Bright Lively Room in Hip Bed-Stuy,108,Private room,3 reviews,
"Sunny, Large, Park Slope Bedroom",141,Private room,88 reviews,
Cozy Room in Family Home..BKLYN!!!,74,Private room,65 reviews,
The authentic Brooklyn experience,86,Private room,4 reviews,
An One Bedroom Williamsburg Gem,202,Entire home/apt,1 review,
Relaxed Luxury in Brooklyn,155,Private room,1 review,
#2~Studio Suite-10 mins Manhattan!,133,Entire home/apt,40 reviews,
Base Camp in Bed-Stuy,128,Entire home/apt,38 reviews,
Summer Discount on Huge Apartment!,113,Entire home/apt,6 reviews,
SUNNY QUAINT 1 BEDROOM APARTMENT,108,Entire home/apt,0 reviews,
Spacious Comfortable Studio,94,Private room,0 reviews,
"Sunny, comfy and quiet room",79,Private room,14 reviews,
Cozy room in a big city Brooklyn,81,Private room,69 reviews,
"Modern Room, Private Terrace w/View",128,Private room,33 reviews,
"Private, Large & Sunny 1BR w/W&D",182,Entire home/apt,185 reviews,
5 Mins. 2 Manhattan - Awesome View,120,Private room,23 reviews,
"The Ladies Loft, The ""Times Sq"" bed",61,Shared room,15 reviews,
Big Bright Modern in Williamsburg,323,Entire home/apt,17 reviews,
"Beautiful Space, 20m from Manhattan",94,Shared room,10 reviews,
rm + bath steps from park and train,162,Private room,19 reviews,
COMFY ROOM #3 ~ AMAZING LOCATION!!!,268,Private room,8 reviews,
Massive Brooklyn family-style loft,808,Entire home/apt,0 reviews,
BK CHARM~Clean Modern~XPrss Train!!,105,Private room,110 reviews,
2br Child Friendly Duplex.,276,Entire home/apt,10 reviews,
Sunny large room in Bushwick,92,Private room,0 reviews,
Authentic NYC Living 2,162,Entire home/apt,12 reviews,
Relaxed Luxury in Brooklyn,155,Private room,1 review,
The Man Cave,67,Shared room,0 reviews,
Garden Charm Close To City,124,Entire home/apt,3 reviews,
Private Entrance-Kitchen-Parking,61,Private room,0 reviews,
Clean Spacious Sunny Bedroom byPark,93,Private room,8 reviews,
"Spacious, sunny 1 BR by the park",147,Entire home/apt,4 reviews,
Brownstone Flat on Tree-Lined Block,128,Entire home/apt,98 reviews,
Crown Heights 2 bdrm Near Franklin,175,Entire home/apt,5 reviews,
Sunny room for 2 near Park Slope,114,Private room,0 reviews,
Cozy Place In Brooklyn,160,Entire home/apt,2 reviews,
Brooklyn Old Charm,133,Entire home/apt,9 reviews,
"Huge Greenpoint Loft, Walk to Train",66,Private room,23 reviews,
Sunny Brooklyn Art Studio,61,Shared room,0 reviews,
AMAZING WILLIAMSBURG LOCATION SUNNY,148,Entire home/apt,0 reviews,
chill artist loft in bushwick,135,Private room,0 reviews,
Private Bedroom in Carroll Gardens,81,Private room,0 reviews,
Private Room in Bushwick Warehouse,27,Private room,0 reviews,
Large charming room w lots of sun,135,Private room,0 reviews,
Cool and Safe in Brooklyn,94,Private room,0 reviews,
Bright/Modern Apt in Park Slope,182,Entire home/apt,0 reviews,
Amazing Location in Williamsburg,101,Private room,0 reviews,
1 Bedroom Available in Fort Greene,71,Private room,0 reviews,
Bright room in quiet Brooklyn home,54,Private room,0 reviews,
Amazing Converted Loft,370,Entire home/apt,0 reviews,
True Brooklyn Loft,135,Private room,0 reviews,
One bedroom on Prospect Park,135,Entire home/apt,0 reviews,
Large Furnished Room,44,Private room,0 reviews,
Bright & Spacious Bushwick Loft,168,Entire home/apt,0 reviews,
$80 Cozy fully furnished room,108,Private room,0 reviews,
"Nice, clean, comfy apartment.",202,Entire home/apt,0 reviews,
Williamsburg Crow's Nest,67,Private room,0 reviews,
Room in hip Bushwick apt. +rooftop!,108,Private room,0 reviews,
Room 08/13 to 08/27 - Williamsburg,81,Private room,0 reviews,
Garden Level Private Apartment,182,Private room,2 reviews,
"Private Room - A/C, Clean, Cozy",67,Private room,2 reviews,
Beautiful Private Room Big Windows,94,Private room,11 reviews,
Awesome Private Room Big Windows,94,Private room,8 reviews,
1 Bdr Sunny Apt by Park (Special!),114,Entire home/apt,12 reviews,
Loft Studio with Private Bathroom,108,Private room,95 reviews,
Cozy studio in the heart of bklyn,94,Entire home/apt,3 reviews,
Private Room Right by Subway,83,Private room,2 reviews,
"Cozy, quiet and comfortable 1BR",175,Entire home/apt,9 reviews,
Cozy Sunny Studio,114,Entire home/apt,2 reviews,
Brownstone Apartment,175,Entire home/apt,2 reviews,
Luxury Brooklyn Loft & Roof  Spa,673,Entire home/apt,0 reviews,
"Sunny Room in Beautiful, Airy Home",108,Private room,0 reviews,
Spacious private house in Brooklyn,202,Entire home/apt,0 reviews,
Chic Loft & Patio near Metro/Food,172,Entire home/apt,32 reviews,
Luxury Garden Brownstone Apartment,201,Entire home/apt,19 reviews,
Renovated Studio/loft with Balcony,188,Entire home/apt,7 reviews,
Chic & Cozy Brooklyn Flat,88,Private room,9 reviews,
